slug,city,state,stateFullName,county,metroArea,heroHeadline,heroBadge,heroSubtitle,localContextHeading,localContextP1,localContextP2,localContextP3,neighborhoods,neighborhoodsCTA,whyLocalHeading,whyLocalSubtitle,testimonialHeader,testimonialSubheading,contactHeading,ctaHeading,ctaSubtitle
bethesda-md,Bethesda,MD,Maryland,Montgomery County,D.C. Metro,Mold Inspection & Remediation in Bethesda,"Serving Bethesda, MD","Bethesda's older properties, humid summers, and mature tree canopy create ideal conditions for mold growth. MoldGone provides fast, certified mold inspection, remediation, and reconstruction for Bethesda residents and businesses.",Why Mold Is Common in Bethesda Properties,"Bethesda's housing stock includes a mix of historic properties, mid-century colonials, and newer construction. Many of these properties have basements, crawlspaces, and aging plumbing that create the moisture conditions mold needs to thrive.","Montgomery County's humid summers and seasonal storms compound the problem. Water intrusion from heavy rains, poor drainage around foundations, and condensation in poorly ventilated spaces all contribute to mold growth that can go undetected for months.","MoldGone has been serving Bethesda and surrounding Montgomery County communities for over 20 years. We understand the local building styles, common moisture issues, and what it takes to keep properties in this area mold-free.","Bradley Hills, Burning Tree, Wyngate, Alta Vista, Greenwich Forest, Bethesda Park, Glen Echo Heights, Kenwood, Edgemoor, Whitehall, Wildwood, Downtown Bethesda",Don't see your neighborhood? We serve all of Bethesda and surrounding Montgomery County communities.,Your Neighbors Already Know Us,"MoldGone has completed thousands of projects across Montgomery County. Bethesda residents and property managers choose us because we deliver results, communicate clearly, and stand behind our work.",What Bethesda Clients Say,Trusted by Homeowners & Property Managers in Bethesda,Schedule Your Free Bethesda Mold Inspection,Bethesda's Trusted Mold Experts,Over 20 years of experience serving Montgomery County. Get a certified team on-site fast with a free inspection and detailed scope of work.
silver-spring-md,Silver Spring,MD,Maryland,Montgomery County,D.C. Metro,Mold Inspection & Remediation in Silver Spring,"Serving Silver Spring, MD","Silver Spring's dense mix of apartments, townhomes, and older single-family properties makes it one of the most mold-prone communities in Montgomery County. MoldGone provides fast, certified remediation for Silver Spring residents and businesses.",Why Mold Is Common in Silver Spring Properties,"Silver Spring's housing ranges from pre-war bungalows to modern high-rises. Older properties often have aging plumbing, original windows, and basements with limited waterproofing, all of which increase the risk of moisture intrusion and mold growth.","The area's proximity to Rock Creek and Sligo Creek means many properties sit in flood-prone zones. Combined with Montgomery County's humid summers, even well-maintained buildings can develop hidden mold problems behind walls and under flooring.","MoldGone has been serving Silver Spring and the surrounding Montgomery County area for over 20 years. Our team knows the building types, common problem areas, and what it takes to keep properties here mold-free.","Downtown Silver Spring, Woodside, Woodside Park, East Silver Spring, North Hills, Seven Oaks, Sligo Park Hills, Indian Spring, Four Corners, Calverton, White Oak, Takoma Park",Don't see your neighborhood? We serve all of Silver Spring and surrounding Montgomery County communities.,Trusted Throughout Silver Spring,"MoldGone has completed thousands of projects across Montgomery County. Silver Spring residents and property managers choose us for our fast response, transparent pricing, and verified results.",What Silver Spring Clients Say,Trusted by Homeowners & Property Managers in Silver Spring,Schedule Your Free Silver Spring Mold Inspection,Silver Spring's Trusted Mold Experts,Over 20 years of experience serving Montgomery County. Get a certified team on-site fast with a free inspection and detailed scope of work.
rockville-md,Rockville,MD,Maryland,Montgomery County,D.C. Metro,Mold Inspection & Remediation in Rockville,"Serving Rockville, MD","From Rockville Town Center to the neighborhoods along Wootton Parkway, Rockville properties face mold risks from aging infrastructure and seasonal humidity. MoldGone delivers certified remediation for Rockville residents and businesses.",Why Mold Is Common in Rockville Properties,"Rockville's mix of 1960s split-levels, newer townhome developments, and commercial office buildings means a wide range of potential mold entry points. Basements, crawlspaces, and flat commercial roofs are especially vulnerable to moisture problems.","Montgomery County's climate brings hot, humid summers and heavy spring rains. Properties near Rock Creek or with older stormwater drainage systems are particularly susceptible to water intrusion that leads to hidden mold growth.","MoldGone has been serving Rockville and the surrounding Montgomery County area for over 20 years. We understand the local building stock, typical moisture challenges, and how to resolve them permanently.","Rockville Town Center, Twinbrook, King Farm, Fallsgrove, Woodley Gardens, East Rockville, West End, Hungerford, College Gardens, Montrose, Luxmanor, Potomac Woods",Don't see your neighborhood? We serve all of Rockville and surrounding Montgomery County communities.,Rockville Knows MoldGone,"Thousands of completed projects across Montgomery County. Rockville residents and property managers trust us for reliable, thorough mold remediation with clear communication every step of the way.",What Rockville Clients Say,Trusted by Homeowners & Property Managers in Rockville,Schedule Your Free Rockville Mold Inspection,Rockville's Trusted Mold Experts,Over 20 years of experience serving Montgomery County. Get a certified team on-site fast with a free inspection and detailed scope of work.
columbia-md,Columbia,MD,Maryland,Howard County,Baltimore Metro,Mold Inspection & Remediation in Columbia,"Serving Columbia, MD","Columbia's planned community design includes thousands of townhomes, condos, and single-family properties built between the 1960s and today. Many face ongoing mold risks from aging plumbing and seasonal moisture. MoldGone delivers certified remediation across Columbia.",Why Mold Is Common in Columbia Properties,"Columbia's original village communities were built in the late 1960s through the 1980s, meaning many properties have 40-60 year old plumbing, HVAC systems, and waterproofing. These aging systems are a primary driver of moisture intrusion and mold growth.","Howard County's wooded lots and proximity to the Patuxent River create naturally humid conditions. Combined with Columbia's extensive townhome and condo stock where shared walls can hide moisture problems, mold can spread between units before anyone notices.",MoldGone has been serving Columbia and the surrounding Howard County area for over 20 years. We understand the unique challenges of village-style communities and multi-unit properties.,"Wilde Lake, Oakland Mills, Harper's Choice, Long Reach, Owen Brown, Hickory Ridge, Kings Contrivance, Town Center, River Hill, Dorsey's Search, Clarksville, Ellicott City",Don't see your neighborhood? We serve all of Columbia and surrounding Howard County communities.,Columbia Trusts MoldGone,"Thousands of completed projects across Howard County. Columbia residents, HOAs, and property managers choose us for our experience with townhome and condo remediation.",What Columbia Clients Say,Trusted by Homeowners & Property Managers in Columbia,Schedule Your Free Columbia Mold Inspection,Columbia's Trusted Mold Experts,Over 20 years of experience serving Howard County. Get a certified team on-site fast with a free inspection and detailed scope of work.
frederick-md,Frederick,MD,Maryland,Frederick County,Western Maryland,Mold Inspection & Remediation in Frederick,"Serving Frederick, MD","Frederick's historic downtown, surrounding farmland, and growing suburban developments all face distinct mold challenges. MoldGone provides fast, certified mold inspection and remediation for Frederick County residents and businesses.",Why Mold Is Common in Frederick Properties,"Frederick's historic district features stone and brick buildings dating back over 200 years. These older structures often lack modern waterproofing, vapor barriers, and adequate ventilation, making them especially prone to moisture problems and mold growth.","Frederick County's geography at the base of the Catoctin Mountains brings significant rainfall and seasonal flooding, particularly near Carroll Creek and the Monocacy River. Even newer construction in growing communities can develop mold when drainage or grading issues allow water to reach foundations.","MoldGone has been serving Frederick and the surrounding Frederick County area for over 20 years. From downtown row houses to rural estates, we understand the range of properties and challenges unique to this community.","Downtown Frederick, Baker Park, Ballenger Creek, Urbana, New Market, Walkersville, Middletown, Thurmont, Spring Ridge, Tuscarora, Westview, Yellow Springs",Don't see your neighborhood? We serve all of Frederick and surrounding Frederick County communities.,Frederick Trusts MoldGone,MoldGone has completed thousands of projects across central Maryland. Frederick residents and property managers choose us for our experience with both historic and modern properties.,What Frederick Clients Say,Trusted by Homeowners & Property Managers in Frederick,Schedule Your Free Frederick Mold Inspection,Frederick's Trusted Mold Experts,Over 20 years of experience serving Frederick County. Get a certified team on-site fast with a free inspection and detailed scope of work.
arlington-va,Arlington,VA,Virginia,Arlington County,D.C. Metro,Mold Inspection & Remediation in Arlington,"Serving Arlington, VA","Arlington's mix of high-rise condos, garden-style apartments, and single-family bungalows presents unique mold challenges. MoldGone provides certified inspection, remediation, and reconstruction for Arlington residents and businesses.",Why Mold Is Common in Arlington Properties,"Arlington's real estate ranges from 1920s Craftsman bungalows in Lyon Village to modern high-rises in Rosslyn and Crystal City. Older properties frequently have original plumbing, inadequate ventilation, and basements that trap moisture. Even newer buildings can develop mold in HVAC systems and behind sealed walls.","Northern Virginia's humid summers, combined with Arlington's proximity to the Potomac River, create consistently elevated moisture levels. Condensation on windows, sweating pipes, and poor attic ventilation are common triggers for mold growth across all property types.","MoldGone has been serving Arlington and Northern Virginia for over 20 years. We work with individual homeowners, condo associations, and commercial property managers throughout Arlington County.","Clarendon, Ballston, Rosslyn, Crystal City, Pentagon City, Lyon Village, Ashton Heights, Cherrydale, Bluemont, Columbia Heights West, Fairlington, Shirlington",Don't see your neighborhood? We serve all of Arlington and surrounding Northern Virginia communities.,Arlington Trusts MoldGone,"Thousands of completed projects across Northern Virginia. Arlington residents, condo boards, and property managers choose us for reliable, discreet remediation with minimal disruption.",What Arlington Clients Say,Trusted by Homeowners & Property Managers in Arlington,Schedule Your Free Arlington Mold Inspection,Arlington's Trusted Mold Experts,Over 20 years of experience serving Northern Virginia. Get a certified team on-site fast with a free inspection and detailed scope of work.
alexandria-va,Alexandria,VA,Virginia,City of Alexandria / Fairfax County,D.C. Metro,Mold Inspection & Remediation in Alexandria,"Serving Alexandria, VA","From Old Town's historic row houses to the residential communities of the West End, Alexandria properties face serious mold risks from age, humidity, and proximity to the Potomac. MoldGone delivers certified remediation for Alexandria residents and businesses.",Why Mold Is Common in Alexandria Properties,"Alexandria's Old Town neighborhood features some of the oldest residential properties in Virginia, many with stone foundations, original plaster walls, and limited waterproofing. These charming properties are also some of the most vulnerable to moisture intrusion and mold.","The city's location along the Potomac River and Four Mile Run creates elevated humidity levels, especially in summer. Properties in flood-prone areas near the waterfront, as well as those with below-grade living spaces, are at particular risk for recurring mold problems.","MoldGone has been serving Alexandria and the surrounding Northern Virginia area for over 20 years. We have extensive experience with the unique challenges of historic properties, townhomes, and waterfront buildings.","Old Town, Del Ray, Carlyle, West End, Eisenhower Valley, Rosemont, Beverley Hills, Seminary Hill, Belle Haven, Mount Vernon, Kingstowne, Hollin Hills",Don't see your neighborhood? We serve all of Alexandria and surrounding Northern Virginia communities.,Alexandria Trusts MoldGone,Thousands of completed projects across Northern Virginia. Alexandria residents and property managers choose us for our experience with historic properties and our commitment to preserving the character of older buildings during remediation.,What Alexandria Clients Say,Trusted by Homeowners & Property Managers in Alexandria,Schedule Your Free Alexandria Mold Inspection,Alexandria's Trusted Mold Experts,Over 20 years of experience serving Northern Virginia. Get a certified team on-site fast with a free inspection and detailed scope of work.
fairfax-va,Fairfax,VA,Virginia,Fairfax County,D.C. Metro,Mold Inspection & Remediation in Fairfax,"Serving Fairfax, VA","Fairfax County's sprawling suburban communities include thousands of split-levels, colonials, and townhomes built during the region's rapid growth decades. MoldGone provides certified remediation for Fairfax residents and businesses.",Why Mold Is Common in Fairfax Properties,"Many Fairfax properties were built between the 1960s and 1990s during Northern Virginia's suburban boom. These homes often feature finished basements, crawlspaces with original vapor barriers, and HVAC systems that have been running for decades, all common contributors to hidden mold growth.","Fairfax County's clay-heavy soil retains moisture around foundations, especially after heavy rains. Combined with the region's humid summers, even well-maintained properties can develop mold in lower levels, behind drywall, and inside ductwork without visible warning signs.","MoldGone has been serving Fairfax and the surrounding Northern Virginia area for over 20 years. We understand the suburban building patterns, common problem areas, and what it takes to keep Fairfax properties mold-free.","City of Fairfax, Burke, Springfield, Annandale, Chantilly, Centreville, Oakton, Vienna, Great Falls, McLean, Tysons Corner, Falls Church",Don't see your neighborhood? We serve all of Fairfax County and surrounding Northern Virginia communities.,Fairfax Trusts MoldGone,"Thousands of completed projects across Fairfax County. Homeowners, HOAs, and property managers choose us for thorough remediation and reconstruction under one roof.",What Fairfax Clients Say,Trusted by Homeowners & Property Managers in Fairfax,Schedule Your Free Fairfax Mold Inspection,Fairfax's Trusted Mold Experts,Over 20 years of experience serving Fairfax County. Get a certified team on-site fast with a free inspection and detailed scope of work.
washington-dc,Washington,D.C.,District of Columbia,District of Columbia,D.C.,"Mold Inspection & Remediation in Washington, D.C.","Serving Washington, D.C.","The District's row houses, historic federals, and aging apartment buildings are among the most mold-prone properties in the region. MoldGone provides certified inspection, remediation, and reconstruction across all four quadrants of D.C.",Why Mold Is Common in D.C. Properties,"Washington D.C.'s housing stock includes row houses built in the late 1800s, mid-century apartment buildings, and modern condos. Many older properties have stone or brick foundations with limited waterproofing, shared walls that trap moisture between units, and basements that frequently take on water.","The District's location between the Potomac and Anacostia rivers creates consistently high humidity levels. Combined with the city's aging stormwater infrastructure, even routine rainstorms can push water into basements and crawlspaces across Northwest, Northeast, Southeast, and Southwest D.C.","MoldGone has been serving the District of Columbia for over 20 years. We work with homeowners, condo associations, property managers, schools, and commercial building owners throughout the city.","Georgetown, Capitol Hill, Dupont Circle, Adams Morgan, Columbia Heights, Petworth, Brookland, Takoma, Woodley Park, Cleveland Park, Anacostia, Navy Yard","Don't see your neighborhood? We serve all of Washington, D.C. across every quadrant.",D.C. Trusts MoldGone,"Thousands of completed projects across the District. D.C. residents, condo boards, and property managers choose us for fast response, transparent pricing, and permanent results.",What D.C. Clients Say,"Trusted by Homeowners & Property Managers in Washington, D.C.",Schedule Your Free D.C. Mold Inspection,D.C.'s Trusted Mold Experts,Over 20 years of experience serving the District. Get a certified team on-site fast with a free inspection and detailed scope of work.
baltimore-md,Baltimore,MD,Maryland,Baltimore City / Baltimore County,Baltimore Metro,Mold Inspection & Remediation in Baltimore,"Serving Baltimore, MD","Baltimore's row houses, waterfront properties, and aging building stock make it one of Maryland's most mold-affected cities. MoldGone provides certified inspection, remediation, and reconstruction for Baltimore residents and businesses.",Why Mold Is Common in Baltimore Properties,"Baltimore's iconic row houses and formstone properties were built to last, but many are now over 100 years old. Original plaster walls, unfinished basements, and aging flat roofs create multiple pathways for moisture to enter and mold to take hold.","The city's proximity to the Chesapeake Bay brings persistent humidity, and Baltimore's older stormwater systems can overwhelm during heavy rains. Properties in neighborhoods near the Inner Harbor, Fells Point, and Canton are especially vulnerable to moisture-related mold issues.","MoldGone has been serving Baltimore City and Baltimore County for over 20 years. We understand the unique challenges of row house remediation, including shared walls, limited access, and the need to preserve historic character.","Federal Hill, Fells Point, Canton, Hampden, Roland Park, Mount Vernon, Charles Village, Locust Point, Remington, Station North, Harbor East, Towson","Don't see your neighborhood? We serve all of Baltimore City, Baltimore County, and surrounding communities.",Baltimore Trusts MoldGone,"Thousands of completed projects across the Baltimore metro area. Homeowners, landlords, and property managers choose us for our experience with row houses, historic properties, and multi-unit buildings.",What Baltimore Clients Say,Trusted by Homeowners & Property Managers in Baltimore,Schedule Your Free Baltimore Mold Inspection,Baltimore's Trusted Mold Experts,Over 20 years of experience serving the Baltimore metro area. Get a certified team on-site fast with a free inspection and detailed scope of work.